                  epoch,         train/box_loss,         train/cls_loss,         train/dfl_loss,   metrics/precision(B),      metrics/recall(B),       metrics/mAP50(B),    metrics/mAP50-95(B),           val/box_loss,           val/cls_loss,           val/dfl_loss,                 lr/pg0,                 lr/pg1,                 lr/pg2
                      1,                 2.5286,                 2.9716,                 3.2197,                0.79375,                0.64263,                0.71492,                0.28946,                  1.885,                 1.9818,                 2.3707,              0.0033308,              0.0033308,              0.0033308
                      2,                 1.5989,                 1.2777,                 2.0247,                0.92583,                 0.8091,                0.88387,                 0.4388,                 1.6695,                 1.0708,                  2.054,              0.0066422,              0.0066422,              0.0066422
                      3,                 1.4607,                 1.0521,                 1.8469,                0.92551,                0.85087,                0.90852,                0.46639,                 1.6259,                0.95505,                 2.0328,              0.0099315,              0.0099315,              0.0099315
                      4,                 1.3896,                0.93091,                 1.7676,                0.93635,                0.87626,                 0.9318,                0.54554,                 1.4652,                0.80459,                  1.864,               0.009901,               0.009901,               0.009901
                      5,                 1.3407,                0.85342,                 1.7204,                0.96379,                0.89962,                0.94829,                0.59702,                 1.3323,                0.69071,                 1.7683,               0.009868,               0.009868,               0.009868
                      6,                    1.3,                 0.7934,                 1.6788,                0.95091,                0.89949,                 0.9458,                0.57256,                 1.4126,                0.72181,                 1.8289,               0.009835,               0.009835,               0.009835
                      7,                  1.277,                0.76048,                 1.6625,                0.96751,                0.90784,                0.95346,                0.59801,                  1.349,                0.65812,                 1.7632,               0.009802,               0.009802,               0.009802
                      8,                 1.2592,                 0.7382,                 1.6414,                0.96268,                 0.9076,                0.95112,                0.58385,                 1.3668,                0.65065,                 1.7912,               0.009769,               0.009769,               0.009769
                      9,                 1.2459,                0.71815,                 1.6334,                0.97254,                0.91604,                0.95895,                0.62314,                 1.2906,                0.58347,                 1.7087,               0.009736,               0.009736,               0.009736
                     10,                 1.2221,                0.69176,                 1.6173,                0.97119,                0.92308,                0.96157,                0.63485,                 1.2449,                0.54824,                 1.7005,               0.009703,               0.009703,               0.009703
                     11,                  1.216,                 0.6756,                 1.6039,                0.96399,                0.92214,                0.95988,                0.61036,                 1.3203,                0.56273,                 1.7329,                0.00967,                0.00967,                0.00967
                     12,                 1.2115,                0.66383,                 1.6055,                0.96402,                0.93001,                0.96333,                0.62476,                 1.2905,                0.54624,                 1.7211,               0.009637,               0.009637,               0.009637
                     13,                 1.2008,                0.65713,                 1.5942,                0.96306,                 0.9348,                0.96841,                0.63374,                 1.2625,                0.53335,                 1.7002,               0.009604,               0.009604,               0.009604
                     14,                 1.1964,                0.64694,                 1.5831,                0.97205,                0.92998,                0.96551,                0.63917,                 1.2474,                0.52424,                 1.6702,               0.009571,               0.009571,               0.009571
                     15,                 1.1875,                0.63557,                 1.5706,                0.97362,                0.92871,                0.96805,                0.63582,                 1.2733,                0.51787,                 1.6969,               0.009538,               0.009538,               0.009538
                     16,                 1.1796,                0.63072,                 1.5659,                0.96974,                0.93194,                0.96665,                   0.65,                 1.2248,                0.50761,                 1.6518,               0.009505,               0.009505,               0.009505
                     17,                 1.1715,                0.62006,                 1.5594,                0.98043,                0.93668,                0.97048,                0.64676,                 1.2349,                0.50257,                  1.657,               0.009472,               0.009472,               0.009472
                     18,                 1.1627,                0.61203,                 1.5518,                0.96842,                0.93762,                0.96912,                0.64989,                 1.2311,                0.48737,                 1.6702,               0.009439,               0.009439,               0.009439
                     19,                 1.1672,                0.61052,                 1.5566,                0.97574,                0.93902,                0.97121,                0.65535,                 1.2225,                0.47129,                 1.6614,               0.009406,               0.009406,               0.009406
                     20,                 1.1525,                0.59778,                 1.5464,                 0.9751,                0.93678,                0.97087,                0.65336,                 1.2123,                0.47595,                 1.6456,               0.009373,               0.009373,               0.009373
                     21,                 1.1482,                0.59471,                 1.5434,                0.97278,                 0.9386,                0.97433,                0.66512,                 1.1947,                0.46469,                 1.6371,                0.00934,                0.00934,                0.00934
                     22,                  1.151,                0.58889,                 1.5472,                 0.9766,                0.93762,                 0.9709,                0.66334,                 1.1959,                0.45575,                 1.6349,               0.009307,               0.009307,               0.009307
                     23,                  1.149,                0.58614,                 1.5439,                0.96824,                0.94377,                0.97226,                0.65867,                 1.2099,                0.45587,                 1.6462,               0.009274,               0.009274,               0.009274
                     24,                 1.1413,                0.58316,                  1.535,                0.96735,                0.94493,                0.97057,                0.66076,                 1.2043,                0.45727,                 1.6327,               0.009241,               0.009241,               0.009241
                     25,                 1.1354,                0.57973,                 1.5297,                0.97527,                0.94371,                0.97542,                0.66946,                 1.1856,                 0.4449,                 1.6211,               0.009208,               0.009208,               0.009208
                     26,                 1.1293,                0.57341,                 1.5173,                0.97529,                0.94137,                0.97214,                0.66972,                 1.1868,                0.44698,                 1.6167,               0.009175,               0.009175,               0.009175
                     27,                 1.1322,                0.57562,                 1.5256,                0.97331,                0.94058,                0.97161,                0.66462,                 1.1943,                0.45018,                 1.6261,               0.009142,               0.009142,               0.009142
                     28,                 1.1247,                0.56824,                 1.5176,                0.96891,                0.95001,                0.97601,                0.66842,                 1.1855,                0.43968,                 1.6219,               0.009109,               0.009109,               0.009109
                     29,                 1.1294,                0.57077,                 1.5226,                0.97551,                0.94465,                0.97601,                0.67182,                 1.1781,                0.43541,                 1.6164,               0.009076,               0.009076,               0.009076
                     30,                 1.1225,                0.56548,                 1.5218,                0.96704,                0.94965,                 0.9758,                 0.6751,                 1.1675,                0.43276,                 1.6138,               0.009043,               0.009043,               0.009043
                     31,                  1.122,                0.56484,                 1.5171,                0.96786,                0.95169,                0.97701,                0.67421,                 1.1681,                0.43006,                 1.6125,                0.00901,                0.00901,                0.00901
                     32,                 1.1192,                0.55919,                 1.5118,                0.97274,                0.95169,                0.97677,                0.67669,                 1.1623,                0.42486,                 1.6051,               0.008977,               0.008977,               0.008977
                     33,                 1.1131,                0.55687,                 1.5142,                0.97146,                0.95169,                 0.9749,                0.67769,                 1.1659,                0.42819,                 1.6083,               0.008944,               0.008944,               0.008944
                     34,                 1.1075,                0.55319,                 1.5002,                0.97555,                0.94747,                0.97531,                0.67655,                 1.1683,                0.42829,                 1.6095,               0.008911,               0.008911,               0.008911
                     35,                 1.1038,                0.54756,                 1.5027,                0.96894,                0.95124,                 0.9755,                0.67909,                 1.1632,                0.42261,                 1.6067,               0.008878,               0.008878,               0.008878
                     36,                 1.1037,                0.54503,                 1.5016,                0.97207,                0.95028,                0.97636,                0.67889,                  1.161,                0.42007,                 1.6059,               0.008845,               0.008845,               0.008845
                     37,                 1.1009,                 0.5435,                  1.501,                 0.9777,                0.94579,                 0.9782,                0.68028,                 1.1601,                0.41814,                  1.606,               0.008812,               0.008812,               0.008812
                     38,                 1.0999,                0.53821,                 1.4961,                0.97583,                0.94698,                0.97755,                0.67795,                 1.1633,                 0.4173,                 1.6087,               0.008779,               0.008779,               0.008779
                     39,                 1.0979,                0.54098,                 1.4941,                0.97038,                0.95287,                0.97741,                 0.6795,                 1.1626,                0.41704,                 1.6076,               0.008746,               0.008746,               0.008746
                     40,                 1.0955,                0.53912,                 1.4969,                0.97268,                  0.947,                0.97663,                0.67884,                 1.1577,                0.41581,                 1.6032,               0.008713,               0.008713,               0.008713
                     41,                 1.0922,                0.53664,                 1.4848,                0.97304,                0.94812,                 0.9763,                0.67949,                 1.1543,                0.41513,                 1.5997,                0.00868,                0.00868,                0.00868
                     42,                 1.0892,                0.53546,                 1.4859,                0.97515,                0.94794,                0.97797,                0.68225,                 1.1521,                0.41473,                 1.5987,               0.008647,               0.008647,               0.008647
                     43,                 1.0876,                 0.5297,                 1.4906,                0.97687,                0.94794,                0.97798,                0.68148,                 1.1507,                0.41265,                 1.5983,               0.008614,               0.008614,               0.008614
                     44,                 1.0896,                0.53142,                 1.4825,                0.97544,                0.95012,                0.97655,                0.68339,                 1.1493,                 0.4138,                 1.5971,               0.008581,               0.008581,               0.008581
                     45,                 1.0882,                0.53022,                 1.4869,                0.97639,                0.95042,                0.97928,                0.68483,                 1.1481,                0.41172,                 1.5959,               0.008548,               0.008548,               0.008548
                     46,                 1.0828,                0.52371,                 1.4879,                0.97505,                0.95302,                0.97973,                0.68636,                 1.1454,                0.41055,                 1.5947,               0.008515,               0.008515,               0.008515
                     47,                  1.077,                0.52268,                  1.474,                0.97409,                0.95222,                0.97966,                0.68573,                 1.1445,                0.40951,                 1.5941,               0.008482,               0.008482,               0.008482
                     48,                 1.0788,                0.52431,                 1.4801,                0.97379,                0.95169,                0.97953,                0.68511,                  1.145,                0.40896,                 1.5946,               0.008449,               0.008449,               0.008449
                     49,                 1.0745,                0.52307,                 1.4753,                0.97407,                0.95158,                0.97993,                0.68683,                 1.1442,                 0.4076,                 1.5941,               0.008416,               0.008416,               0.008416
                     50,                 1.0745,                0.51911,                 1.4713,                0.97456,                0.95229,                0.98009,                0.68616,                 1.1426,                0.40738,                 1.5923,               0.008383,               0.008383,               0.008383
                     51,                 1.0752,                0.51709,                 1.4723,                 0.9742,                0.95263,                0.97953,                0.68668,                 1.1406,                 0.4063,                 1.5908,                0.00835,                0.00835,                0.00835
                     52,                 1.0753,                0.51863,                 1.4757,                0.97524,                 0.9531,                0.97964,                0.68654,                 1.1394,                0.40517,                 1.5895,               0.008317,               0.008317,               0.008317
                     53,                 1.0692,                0.52021,                 1.4723,                0.97585,                0.95216,                0.98006,                0.68588,                 1.1384,                0.40463,                 1.5889,               0.008284,               0.008284,               0.008284
                     54,                 1.0667,                0.51539,                 1.4652,                0.97597,                0.95253,                0.98027,                0.68593,                 1.1367,                0.40383,                 1.5877,               0.008251,               0.008251,               0.008251
                     55,                 1.0654,                0.51225,                 1.4607,                0.97822,                0.95216,                0.98026,                 0.6873,                 1.1356,                0.40361,                 1.5865,               0.008218,               0.008218,               0.008218
                     56,                 1.0692,                 0.5146,                 1.4636,                 0.9788,                 0.9527,                0.98049,                0.68917,                 1.1351,                0.40254,                 1.5856,               0.008185,               0.008185,               0.008185
                     57,                  1.065,                0.51342,                 1.4614,                0.97637,                 0.9531,                0.98041,                0.68894,                 1.1347,                0.40205,                 1.5852,               0.008152,               0.008152,               0.008152
                     58,                 1.0648,                0.51178,                  1.471,                 0.9802,                0.95178,                0.98034,                 0.6888,                 1.1343,                0.40178,                  1.585,               0.008119,               0.008119,               0.008119
                     59,                 1.0632,                0.50849,                 1.4625,                 0.9804,                0.95263,                0.98116,                 0.6887,                  1.134,                0.40131,                 1.5842,               0.008086,               0.008086,               0.008086
                     60,                 1.0558,                 0.5079,                 1.4537,                0.97973,                0.95221,                0.98057,                0.68904,                 1.1341,                0.40067,                  1.584,               0.008053,               0.008053,               0.008053
                     61,                 1.0521,                0.50589,                 1.4525,                0.97974,                0.95289,                0.98016,                0.68986,                 1.1331,                0.40043,                 1.5834,                0.00802,                0.00802,                0.00802
                     62,                 1.0567,                0.50324,                 1.4568,                0.97973,                0.95213,                0.98016,                0.68953,                 1.1321,                0.39989,                 1.5821,               0.007987,               0.007987,               0.007987
                     63,                 1.0576,                0.50547,                 1.4604,                0.97974,                0.95242,                 0.9803,                0.69031,                 1.1311,                0.39929,                 1.5815,               0.007954,               0.007954,               0.007954
                     64,                 1.0539,                0.50023,                 1.4522,                0.97947,                0.95216,                0.98045,                0.69106,                 1.1301,                0.39882,                 1.5807,               0.007921,               0.007921,               0.007921
                     65,                 1.0492,                  0.499,                 1.4525,                0.97887,                0.95216,                0.98058,                 0.6907,                 1.1296,                0.39895,                 1.5804,               0.007888,               0.007888,               0.007888
                     66,                 1.0548,                0.50077,                  1.453,                0.97843,                0.95216,                0.98061,                 0.6914,                 1.1293,                0.39838,                 1.5799,               0.007855,               0.007855,               0.007855
                     67,                 1.0514,                 0.4977,                 1.4485,                0.97926,                0.95216,                0.98047,                0.69122,                 1.1287,                0.39761,                 1.5791,               0.007822,               0.007822,               0.007822
                     68,                 1.0518,                0.49828,                 1.4561,                0.97833,                 0.9531,                 0.9805,                0.69124,                 1.1285,                0.39729,                 1.5786,               0.007789,               0.007789,               0.007789
                     69,                 1.0482,                0.49678,                 1.4506,                0.97829,                0.95263,                0.98054,                0.69158,                 1.1278,                0.39728,                 1.5782,               0.007756,               0.007756,               0.007756
                     70,                 1.0427,                0.49457,                 1.4422,                0.98116,                0.95246,                0.98046,                0.69242,                 1.1277,                0.39679,                 1.5778,               0.007723,               0.007723,               0.007723
                     71,                  1.046,                0.49445,                 1.4487,                0.98116,                0.95263,                0.98048,                0.69278,                 1.1271,                0.39649,                 1.5773,                0.00769,                0.00769,                0.00769
                     72,                 1.0416,                0.49323,                 1.4485,                0.98069,                0.95301,                 0.9804,                0.69287,                 1.1261,                0.39648,                 1.5765,               0.007657,               0.007657,               0.007657
                     73,                  1.031,                0.48882,                 1.4338,                0.98024,                0.95379,                0.98068,                0.69324,                 1.1253,                0.39572,                 1.5757,               0.007624,               0.007624,               0.007624
                     74,                  1.044,                0.49211,                 1.4438,                0.97913,                0.95356,                0.98035,                0.69389,                 1.1246,                0.39499,                 1.5749,               0.007591,               0.007591,               0.007591
                     75,                   1.04,                0.49106,                 1.4422,                0.98048,                0.95403,                0.98067,                0.69305,                  1.124,                0.39438,                 1.5744,               0.007558,               0.007558,               0.007558
                     76,                 1.0391,                0.48773,                 1.4449,                0.98036,                0.95403,                 0.9806,                0.69354,                 1.1237,                 0.3942,                  1.574,               0.007525,               0.007525,               0.007525
                     77,                 1.0399,                0.49215,                 1.4475,                0.97977,                0.95427,                0.98058,                0.69393,                 1.1233,                0.39406,                 1.5737,               0.007492,               0.007492,               0.007492
                     78,                 1.0328,                0.49213,                  1.437,                0.97954,                0.95403,                0.98095,                0.69422,                 1.1229,                0.39469,                 1.5734,               0.007459,               0.007459,               0.007459
                     79,                 1.0324,                0.48723,                 1.4339,                 0.9793,                0.95403,                0.98116,                0.69545,                 1.1218,                0.39367,                 1.5725,               0.007426,               0.007426,               0.007426
                     80,                 1.0324,                 0.4878,                 1.4327,                0.97884,                0.95458,                0.98127,                0.69611,                 1.1207,                0.39319,                 1.5715,               0.007393,               0.007393,               0.007393
                     81,                 1.0283,                0.48702,                 1.4351,                0.97931,                0.95474,                 0.9813,                0.69534,                 1.1197,                0.39251,                 1.5707,                0.00736,                0.00736,                0.00736
                     82,                 1.0313,                 0.4863,                 1.4354,                0.97931,                0.95482,                0.98126,                0.69761,                 1.1193,                0.39229,                   1.57,               0.007327,               0.007327,               0.007327
                     83,                 1.0278,                0.48214,                 1.4281,                0.97966,                 0.9545,                0.98126,                0.69809,                 1.1191,                0.39173,                 1.5698,               0.007294,               0.007294,               0.007294
                     84,                 1.0303,                0.48525,                 1.4403,                0.98026,                0.95487,                0.98124,                0.69883,                 1.1184,                0.39172,                 1.5695,               0.007261,               0.007261,               0.007261
                     85,                 1.0291,                 0.4803,                 1.4313,                0.97594,                0.95732,                0.98107,                0.69861,                 1.1178,                0.39103,                 1.5688,               0.007228,               0.007228,               0.007228
                     86,                 1.0247,                0.47974,                 1.4289,                0.97644,                0.95732,                0.98115,                0.69899,                 1.1176,                0.39018,                 1.5685,               0.007195,               0.007195,               0.007195
                     87,                 1.0296,                0.48479,                 1.4317,                0.97657,                0.95778,                0.98133,                0.69841,                 1.1175,                0.39019,                 1.5684,               0.007162,               0.007162,               0.007162
                     88,                 1.0249,                0.47863,                 1.4319,                0.97933,                0.95562,                0.98133,                0.69865,                 1.1172,                0.38974,                 1.5681,               0.007129,               0.007129,               0.007129
                     89,                  1.026,                0.47679,                 1.4289,                0.97915,                0.95544,                0.98144,                0.69803,                  1.117,                0.38923,                 1.5677,               0.007096,               0.007096,               0.007096
                     90,                 1.0255,                0.47828,                 1.4253,                0.97842,                0.95692,                0.98174,                0.69789,                 1.1167,                  0.389,                 1.5675,               0.007063,               0.007063,               0.007063
                     91,                 1.0177,                0.47488,                 1.4232,                0.97724,                0.95779,                 0.9818,                0.69832,                 1.1164,                0.38857,                 1.5673,                0.00703,                0.00703,                0.00703
                     92,                   1.02,                 0.4769,                 1.4224,                0.97711,                0.95779,                0.98198,                0.69787,                 1.1165,                  0.388,                 1.5673,               0.006997,               0.006997,               0.006997
                     93,                 1.0182,                0.47585,                 1.4235,                0.97732,                0.95779,                0.98199,                 0.6987,                 1.1161,                0.38704,                 1.5667,               0.006964,               0.006964,               0.006964
                     94,                 1.0167,                 0.4747,                 1.4241,                0.97713,                0.95779,                 0.9821,                0.69883,                 1.1153,                0.38657,                 1.5664,               0.006931,               0.006931,               0.006931
                     95,                  1.016,                0.47578,                 1.4226,                0.97705,                0.95844,                0.98218,                0.70071,                 1.1143,                0.38636,                 1.5657,               0.006898,               0.006898,               0.006898
                     96,                 1.0154,                0.47319,                 1.4227,                0.97704,                0.95824,                0.98225,                0.70053,                 1.1133,                0.38597,                  1.565,               0.006865,               0.006865,               0.006865
                     97,                 1.0108,                0.47086,                 1.4145,                0.97631,                0.95919,                0.98234,                0.70041,                 1.1128,                0.38562,                 1.5647,               0.006832,               0.006832,               0.006832
                     98,                 1.0196,                0.47321,                 1.4213,                0.97664,                0.95919,                0.98242,                0.70092,                 1.1126,                0.38485,                  1.564,               0.006799,               0.006799,               0.006799
                     99,                 1.0136,                0.46918,                 1.4087,                0.97643,                0.95826,                0.98238,                0.70073,                  1.112,                0.38456,                 1.5629,               0.006766,               0.006766,               0.006766
                    100,                  1.015,                0.47118,                  1.413,                0.97613,                0.95916,                0.98241,                0.70061,                 1.1111,                0.38461,                 1.5621,               0.006733,               0.006733,               0.006733
                    101,                 1.0109,                0.46989,                 1.4138,                0.97586,                0.95919,                0.98256,                0.70137,                 1.1105,                0.38394,                 1.5615,                 0.0067,                 0.0067,                 0.0067
                    102,                  1.008,                0.46732,                   1.41,                0.97611,                 0.9581,                0.98236,                0.70133,                 1.1104,                0.38278,                 1.5611,               0.006667,               0.006667,               0.006667
                    103,                 1.0077,                0.47011,                 1.4071,                0.97611,                0.95802,                0.98256,                0.70099,                 1.1102,                  0.383,                  1.561,               0.006634,               0.006634,               0.006634
                    104,                 1.0078,                0.46761,                 1.4073,                0.97585,                0.95872,                0.98265,                0.70152,                 1.1101,                0.38283,                 1.5608,               0.006601,               0.006601,               0.006601
                    105,                  1.007,                0.46506,                 1.4109,                 0.9767,                0.95966,                0.98286,                0.70136,                 1.1096,                0.38233,                 1.5606,               0.006568,               0.006568,               0.006568
                    106,                 1.0062,                0.46957,                 1.4087,                0.97616,                0.96008,                0.98275,                 0.7018,                 1.1092,                0.38217,                 1.5601,               0.006535,               0.006535,               0.006535
                    107,                 1.0063,                0.46589,                 1.4074,                0.97662,                0.96006,                0.98284,                0.70206,                 1.1089,                0.38169,                 1.5598,               0.006502,               0.006502,               0.006502
                    108,                 1.0041,                0.46594,                 1.4101,                0.97662,                0.96001,                0.98267,                0.70174,                 1.1084,                 0.3814,                 1.5596,               0.006469,               0.006469,               0.006469
                    109,                 1.0001,                0.46409,                 1.4074,                0.97708,                 0.9597,                0.98289,                0.70132,                  1.108,                0.38094,                 1.5595,               0.006436,               0.006436,               0.006436
                    110,                0.99725,                 0.4611,                 1.4009,                0.97765,                0.95966,                0.98308,                0.70154,                 1.1075,                0.38062,                 1.5594,               0.006403,               0.006403,               0.006403
                    111,                 1.0013,                0.46113,                 1.4033,                0.97782,                0.95966,                 0.9833,                0.70227,                 1.1068,                0.38062,                 1.5586,                0.00637,                0.00637,                0.00637
                    112,                 1.0002,                0.46019,                 1.4014,                0.97663,                0.96035,                0.98324,                0.70259,                 1.1063,                0.37963,                 1.5579,               0.006337,               0.006337,               0.006337
                    113,                 1.0007,                0.46156,                  1.403,                0.98124,                0.95696,                0.98353,                0.70326,                 1.1056,                0.37912,                 1.5574,               0.006304,               0.006304,               0.006304
                    114,                0.99554,                0.45774,                 1.3983,                0.98076,                0.95614,                 0.9832,                0.70344,                 1.1047,                  0.379,                 1.5567,               0.006271,               0.006271,               0.006271
                    115,                0.99877,                0.46226,                 1.4021,                 0.9765,                0.96201,                0.98311,                0.70377,                 1.1036,                0.37817,                 1.5557,               0.006238,               0.006238,               0.006238
                    116,                0.99203,                0.45562,                 1.3972,                0.97822,                0.95966,                0.98293,                0.70408,                 1.1029,                0.37767,                 1.5551,               0.006205,               0.006205,               0.006205
                    117,                0.99684,                 0.4607,                  1.404,                0.97827,                0.95966,                0.98311,                0.70444,                 1.1024,                0.37729,                 1.5549,               0.006172,               0.006172,               0.006172
                    118,                0.99336,                0.45818,                 1.3976,                0.97813,                0.95966,                 0.9831,                0.70419,                 1.1021,                  0.377,                 1.5548,               0.006139,               0.006139,               0.006139
                    119,                0.99364,                0.45616,                 1.3918,                0.97796,                0.95966,                0.98328,                0.70479,                 1.1016,                0.37634,                 1.5546,               0.006106,               0.006106,               0.006106
                    120,                0.99135,                0.45694,                 1.4005,                0.97808,                0.95919,                0.98328,                0.70486,                 1.1012,                0.37613,                 1.5547,               0.006073,               0.006073,               0.006073
                    121,                0.98945,                0.45654,                 1.3987,                0.97813,                0.95919,                0.98326,                0.70507,                 1.1008,                 0.3761,                 1.5547,                0.00604,                0.00604,                0.00604
                    122,                0.99801,                0.45661,                 1.3963,                0.97798,                0.95872,                0.98316,                0.70545,                 1.1009,                0.37583,                 1.5544,               0.006007,               0.006007,               0.006007
                    123,                0.99141,                0.45286,                 1.3953,                0.97771,                0.95872,                0.98322,                0.70489,                 1.1006,                0.37568,                 1.5541,               0.005974,               0.005974,               0.005974
                    124,                0.99025,                0.45272,                 1.3914,                0.97897,                0.95779,                 0.9833,                0.70479,                 1.1006,                0.37517,                  1.554,               0.005941,               0.005941,               0.005941
                    125,                0.98767,                0.45481,                 1.3891,                0.97948,                0.95872,                0.98352,                0.70452,                 1.1003,                0.37494,                  1.554,               0.005908,               0.005908,               0.005908
                    126,                0.98454,                0.45125,                 1.3851,                0.97985,                0.95804,                0.98342,                0.70471,                    1.1,                0.37432,                 1.5541,               0.005875,               0.005875,               0.005875
                    127,                0.98739,                0.45381,                 1.3875,                0.98128,                0.95867,                 0.9836,                0.70435,                    1.1,                0.37424,                 1.5542,               0.005842,               0.005842,               0.005842
                    128,                0.99177,                0.45506,                 1.3919,                0.98128,                0.95883,                0.98334,                0.70431,                 1.0997,                0.37359,                 1.5544,               0.005809,               0.005809,               0.005809
                    129,                0.98831,                0.45379,                 1.3894,                0.98078,                0.95966,                 0.9834,                  0.705,                 1.0996,                0.37285,                 1.5544,               0.005776,               0.005776,               0.005776
                    130,                0.98011,                 0.4478,                 1.3902,                0.98095,                0.95919,                0.98347,                0.70492,                 1.0997,                0.37236,                 1.5546,               0.005743,               0.005743,               0.005743
                    131,                0.98512,                 0.4517,                 1.3912,                0.98123,                0.95919,                 0.9836,                0.70532,                 1.0995,                0.37202,                 1.5548,                0.00571,                0.00571,                0.00571
                    132,                0.97776,                0.44702,                 1.3908,                0.98035,                 0.9592,                0.98379,                 0.7057,                 1.0998,                0.37179,                 1.5551,               0.005677,               0.005677,               0.005677
                    133,                0.98496,                0.44836,                 1.3872,                0.98034,                0.95966,                0.98393,                0.70595,                 1.0997,                 0.3717,                 1.5555,               0.005644,               0.005644,               0.005644
                    134,                0.97598,                0.44457,                 1.3845,                0.97922,                0.96013,                0.98395,                0.70491,                 1.0994,                0.37142,                 1.5554,               0.005611,               0.005611,               0.005611
                    135,                0.97726,                0.44709,                 1.3863,                0.97982,                0.96013,                0.98388,                 0.7048,                 1.0996,                0.37205,                 1.5558,               0.005578,               0.005578,               0.005578
                    136,                0.97756,                0.44232,                 1.3887,                0.97922,                 0.9606,                0.98406,                0.70464,                 1.0999,                0.37201,                 1.5565,               0.005545,               0.005545,               0.005545
                    137,                0.97654,                0.44714,                 1.3819,                0.98007,                 0.9606,                0.98391,                0.70437,                 1.0996,                0.37159,                 1.5563,               0.005512,               0.005512,               0.005512
                    138,                0.97935,                0.44725,                 1.3851,                0.98036,                0.95996,                0.98396,                0.70543,                 1.0996,                0.37079,                 1.5561,               0.005479,               0.005479,               0.005479
                    139,                0.97447,                0.44618,                 1.3776,                0.98036,                0.95998,                0.98397,                0.70455,                 1.0998,                0.37073,                 1.5565,               0.005446,               0.005446,               0.005446
                    140,                0.98114,                0.44633,                 1.3869,                0.98095,                0.95966,                0.98405,                0.70475,                 1.0998,                0.37124,                 1.5563,               0.005413,               0.005413,               0.005413
                    141,                0.97834,                0.44703,                 1.3812,                0.98083,                 0.9601,                0.98435,                0.70627,                 1.0998,                0.37079,                 1.5559,                0.00538,                0.00538,                0.00538
                    142,                0.97232,                0.44501,                 1.3791,                0.98037,                0.96044,                0.98451,                0.70647,                 1.0998,                0.37108,                  1.556,               0.005347,               0.005347,               0.005347
                    143,                 0.9727,                0.44396,                 1.3763,                0.98075,                 0.9606,                0.98459,                0.70648,                 1.0999,                0.37068,                 1.5563,               0.005314,               0.005314,               0.005314
                    144,                0.96964,                0.44129,                 1.3764,                0.98099,                 0.9606,                0.98444,                0.70747,                 1.0997,                0.37006,                 1.5562,               0.005281,               0.005281,               0.005281
                    145,                0.96856,                0.44167,                 1.3779,                0.98064,                 0.9606,                 0.9843,                0.70781,                 1.0993,                0.36976,                 1.5558,               0.005248,               0.005248,               0.005248
                    146,                0.96666,                0.43887,                  1.373,                0.98072,                 0.9606,                0.98422,                0.70898,                 1.0996,                0.36978,                 1.5562,               0.005215,               0.005215,               0.005215
                    147,                0.96609,                0.44049,                 1.3737,                0.98104,                 0.9606,                0.98422,                0.70756,                 1.0995,                0.36961,                 1.5565,               0.005182,               0.005182,               0.005182
                    148,                0.96507,                0.43993,                 1.3748,                 0.9814,                0.96013,                0.98423,                0.70758,                 1.0995,                0.36908,                 1.5568,               0.005149,               0.005149,               0.005149
                    149,                0.96351,                0.43819,                 1.3705,                0.98161,                0.96013,                 0.9844,                0.70786,                 1.0997,                0.36901,                 1.5572,               0.005116,               0.005116,               0.005116
                    150,                0.95839,                0.43742,                 1.3633,                0.98176,                0.95961,                0.98428,                0.70816,                    1.1,                0.36878,                 1.5574,               0.005083,               0.005083,               0.005083
                    151,                0.96512,                0.43593,                 1.3738,                0.98082,                0.95919,                0.98434,                0.70889,                 1.1004,                 0.3685,                 1.5581,                0.00505,                0.00505,                0.00505
                    152,                0.95583,                0.43143,                 1.3683,                0.98035,                0.95943,                0.98474,                0.70911,                 1.1007,                0.36837,                 1.5587,               0.005017,               0.005017,               0.005017
                    153,                0.96082,                0.43385,                  1.374,                0.98028,                0.95919,                 0.9847,                0.70905,                 1.1008,                0.36856,                 1.5591,               0.004984,               0.004984,               0.004984
                    154,                0.96361,                 0.4364,                 1.3731,                0.98175,                0.95903,                0.98457,                0.70844,                 1.1013,                 0.3685,                 1.5596,               0.004951,               0.004951,               0.004951
                    155,                 0.9593,                0.43104,                 1.3699,                0.98208,                0.95919,                0.98461,                0.70881,                 1.1014,                0.36858,                 1.5601,               0.004918,               0.004918,               0.004918
                    156,                0.95932,                0.43604,                 1.3636,                0.98127,                 0.9586,                0.98455,                0.70826,                 1.1016,                0.36829,                 1.5602,               0.004885,               0.004885,               0.004885
                    157,                0.95743,                0.43266,                 1.3654,                0.98219,                0.95694,                0.98435,                0.70871,                 1.1017,                0.36831,                 1.5606,               0.004852,               0.004852,               0.004852
                    158,                0.95801,                0.43395,                 1.3629,                0.98314,                0.95707,                0.98397,                0.70799,                 1.1015,                0.36783,                 1.5611,               0.004819,               0.004819,               0.004819
                    159,                0.95139,                0.43269,                 1.3627,                0.98344,                0.95732,                0.98435,                0.70811,                 1.1011,                0.36697,                 1.5612,               0.004786,               0.004786,               0.004786
                    160,                0.95618,                0.43279,                 1.3644,                0.98243,                0.95732,                0.98426,                0.70747,                 1.1012,                 0.3669,                 1.5614,               0.004753,               0.004753,               0.004753
                    161,                0.95379,                0.43238,                 1.3574,                0.98317,                0.95685,                0.98428,                0.70765,                 1.1012,                0.36654,                 1.5615,                0.00472,                0.00472,                0.00472
                    162,                 0.9549,                0.42924,                  1.361,                0.98353,                0.95732,                0.98432,                0.70816,                 1.1012,                0.36619,                 1.5617,               0.004687,               0.004687,               0.004687
                    163,                0.94956,                0.42969,                 1.3603,                0.98329,                0.95732,                0.98444,                0.70781,                 1.1009,                0.36552,                 1.5617,               0.004654,               0.004654,               0.004654
                    164,                0.94884,                0.42702,                  1.358,                0.98172,                0.95748,                0.98445,                0.70765,                 1.1009,                0.36583,                 1.5617,               0.004621,               0.004621,               0.004621
                    165,                0.95485,                 0.4289,                 1.3678,                0.98173,                0.95756,                0.98408,                0.70702,                 1.1014,                0.36586,                 1.5621,               0.004588,               0.004588,               0.004588
                    166,                0.94602,                0.42524,                 1.3582,                0.98078,                0.95756,                0.98372,                0.70659,                 1.1013,                0.36633,                 1.5622,               0.004555,               0.004555,               0.004555
                    167,                0.94842,                0.42857,                  1.359,                0.98125,                0.95713,                0.98381,                0.70683,                 1.1015,                0.36618,                 1.5621,               0.004522,               0.004522,               0.004522
                    168,                0.94164,                0.42171,                 1.3529,                0.98126,                0.95776,                0.98427,                0.70717,                 1.1017,                0.36631,                 1.5626,               0.004489,               0.004489,               0.004489
                    169,                0.94566,                0.42464,                 1.3552,                0.98126,                0.95809,                0.98422,                0.70687,                 1.1022,                0.36631,                  1.563,               0.004456,               0.004456,               0.004456
                    170,                0.94488,                0.42182,                 1.3552,                0.98152,                0.95872,                 0.9839,                 0.7075,                 1.1025,                0.36589,                 1.5633,               0.004423,               0.004423,               0.004423
                    171,                0.94348,                0.42419,                 1.3595,                0.98175,                0.95892,                0.98373,                 0.7067,                 1.1024,                0.36549,                 1.5637,                0.00439,                0.00439,                0.00439
                    172,                0.93984,                0.42422,                 1.3487,                0.98129,                0.95919,                0.98388,                 0.7066,                 1.1024,                0.36505,                 1.5639,               0.004357,               0.004357,               0.004357
                    173,                0.93928,                0.42405,                 1.3555,                0.98158,                0.95919,                0.98421,                0.70742,                 1.1024,                0.36408,                 1.5642,               0.004324,               0.004324,               0.004324
                    174,                0.93505,                0.41965,                 1.3485,                0.98165,                0.95919,                0.98426,                0.70786,                 1.1024,                0.36397,                 1.5645,               0.004291,               0.004291,               0.004291
                    175,                0.93482,                0.42128,                 1.3486,                0.98184,                0.95919,                0.98422,                0.70719,                 1.1024,                0.36399,                 1.5651,               0.004258,               0.004258,               0.004258
                    176,                 0.9355,                0.42266,                 1.3451,                0.97936,                0.96201,                0.98405,                  0.707,                 1.1025,                0.36367,                 1.5653,               0.004225,               0.004225,               0.004225
                    177,                 0.9364,                 0.4195,                 1.3424,                0.97943,                0.96248,                0.98389,                0.70689,                 1.1027,                0.36366,                 1.5655,               0.004192,               0.004192,               0.004192
                    178,                0.92762,                0.41834,                 1.3436,                 0.9816,                0.96013,                 0.9842,                0.70702,                 1.1032,                0.36345,                  1.566,               0.004159,               0.004159,               0.004159
                    179,                0.93071,                0.41839,                 1.3423,                0.98177,                0.96008,                0.98415,                0.70587,                 1.1036,                0.36362,                 1.5666,               0.004126,               0.004126,               0.004126
                    180,                 0.9338,                  0.417,                  1.339,                0.98156,                0.95966,                0.98384,                 0.7058,                 1.1041,                0.36348,                 1.5674,               0.004093,               0.004093,               0.004093
                    181,                0.93062,                0.41917,                 1.3419,                0.98143,                0.95966,                  0.984,                0.70655,                 1.1046,                0.36386,                 1.5681,                0.00406,                0.00406,                0.00406
                    182,                0.92971,                0.41572,                 1.3408,                0.98131,                0.96069,                0.98415,                0.70608,                 1.1047,                0.36403,                 1.5685,               0.004027,               0.004027,               0.004027
                    183,                0.92925,                0.41513,                  1.341,                 0.9832,                0.96055,                0.98432,                0.70506,                 1.1053,                0.36387,                 1.5691,               0.003994,               0.003994,               0.003994
                    184,                 0.9257,                0.41338,                 1.3382,                0.98226,                0.96086,                0.98432,                0.70631,                  1.105,                0.36393,                 1.5693,               0.003961,               0.003961,               0.003961
                    185,                0.92489,                0.41407,                  1.343,                0.98318,                0.95936,                 0.9841,                 0.7054,                 1.1051,                0.36377,                 1.5696,               0.003928,               0.003928,               0.003928
                    186,                 0.9312,                0.41907,                  1.338,                0.98224,                 0.9606,                0.98417,                0.70495,                 1.1048,                0.36371,                 1.5699,               0.003895,               0.003895,               0.003895
                    187,                0.92502,                0.41466,                 1.3332,                0.98224,                0.96007,                0.98436,                0.70462,                 1.1052,                0.36393,                 1.5707,               0.003862,               0.003862,               0.003862
                    188,                0.91724,                0.41299,                  1.327,                0.98258,                0.95966,                0.98433,                0.70558,                 1.1054,                0.36443,                 1.5707,               0.003829,               0.003829,               0.003829
                    189,                0.91684,                0.41206,                 1.3275,                0.98129,                0.95935,                0.98421,                0.70608,                 1.1051,                0.36414,                 1.5707,               0.003796,               0.003796,               0.003796
                    190,                0.92657,                0.41351,                  1.337,                0.98175,                0.95919,                0.98462,                0.70533,                 1.1053,                0.36394,                 1.5712,               0.003763,               0.003763,               0.003763
                    191,                0.92088,                0.41284,                 1.3338,                0.98128,                0.95904,                0.98418,                0.70417,                 1.1056,                0.36376,                 1.5716,                0.00373,                0.00373,                0.00373
                    192,                0.91957,                0.41121,                 1.3335,                0.98129,                0.95966,                0.98413,                0.70358,                 1.1052,                0.36332,                 1.5715,               0.003697,               0.003697,               0.003697
                    193,                0.92447,                0.41113,                 1.3278,                0.98145,                0.95966,                0.98409,                0.70517,                 1.1051,                0.36329,                 1.5716,               0.003664,               0.003664,               0.003664
                    194,                0.92088,                0.40888,                 1.3296,                0.98098,                0.95966,                0.98409,                0.70516,                 1.1052,                0.36337,                 1.5716,               0.003631,               0.003631,               0.003631
                    195,                0.91657,                0.41314,                 1.3258,                0.98145,                0.95966,                0.98404,                0.70505,                 1.1056,                0.36376,                 1.5721,               0.003598,               0.003598,               0.003598
                    196,                0.91688,                0.40871,                 1.3162,                0.98176,                0.95966,                0.98383,                0.70501,                 1.1057,                 0.3633,                 1.5719,               0.003565,               0.003565,               0.003565
                    197,                0.91057,                0.40803,                 1.3155,                0.98175,                0.95966,                0.98374,                0.70474,                 1.1057,                0.36354,                 1.5717,               0.003532,               0.003532,               0.003532
                    198,                0.90607,                0.40703,                 1.3112,                0.98165,                0.95966,                0.98356,                 0.7038,                 1.1059,                0.36387,                 1.5723,               0.003499,               0.003499,               0.003499
                    199,                0.90898,                0.40673,                 1.3159,                0.98167,                0.95966,                0.98334,                0.70373,                 1.1061,                0.36455,                 1.5724,               0.003466,               0.003466,               0.003466
                    200,                0.90926,                0.40439,                 1.3239,                 0.9812,                0.95966,                0.98336,                 0.7033,                 1.1063,                0.36476,                 1.5727,               0.003433,               0.003433,               0.003433
                    201,                0.91013,                0.40595,                 1.3226,                0.98111,                0.96013,                0.98309,                0.70284,                 1.1062,                0.36459,                 1.5727,                 0.0034,                 0.0034,                 0.0034
                    202,                0.91054,                0.40544,                 1.3197,                0.98128,                0.95896,                0.98268,                0.70325,                 1.1065,                0.36488,                 1.5731,               0.003367,               0.003367,               0.003367
                    203,                0.90956,                0.40499,                 1.3185,                0.98134,                0.95872,                0.98301,                0.70322,                 1.1069,                0.36466,                 1.5739,               0.003334,               0.003334,               0.003334
                    204,                0.90864,                0.40442,                 1.3194,                0.98135,                0.95872,                0.98301,                0.70322,                 1.1073,                 0.3649,                 1.5744,               0.003301,               0.003301,               0.003301
                    205,                0.89919,                0.39911,                 1.3146,                0.98135,                0.95872,                0.98251,                0.70354,                 1.1075,                0.36483,                 1.5751,               0.003268,               0.003268,               0.003268
                    206,                0.90823,                0.39929,                 1.3229,                0.98176,                 0.9591,                0.98303,                0.70377,                 1.1074,                0.36479,                 1.5755,               0.003235,               0.003235,               0.003235
                    207,                0.90361,                0.40363,                 1.3187,                0.98169,                0.95919,                0.98301,                0.70314,                 1.1079,                0.36443,                 1.5762,               0.003202,               0.003202,               0.003202
                    208,                0.90469,                0.40261,                 1.3139,                 0.9827,                0.95908,                0.98293,                0.70394,                 1.1079,                0.36489,                 1.5763,               0.003169,               0.003169,               0.003169
                    209,                0.90124,                0.40008,                  1.306,                0.98269,                0.95868,                0.98275,                0.70332,                 1.1084,                 0.3646,                 1.5765,               0.003136,               0.003136,               0.003136
                    210,                 0.8967,                0.39925,                 1.3131,                0.98222,                0.95846,                0.98238,                0.70354,                 1.1084,                 0.3647,                 1.5765,               0.003103,               0.003103,               0.003103
                    211,                 0.8947,                0.39965,                 1.3094,                0.98175,                0.95826,                0.98235,                0.70311,                 1.1086,                0.36508,                 1.5769,                0.00307,                0.00307,                0.00307
                    212,                0.89815,                0.39993,                 1.3049,                0.98175,                0.95858,                0.98229,                0.70323,                 1.1086,                 0.3652,                  1.577,               0.003037,               0.003037,               0.003037
                    213,                0.89391,                0.39717,                 1.2971,                0.98171,                0.95826,                0.98292,                0.70292,                 1.1089,                0.36554,                  1.577,               0.003004,               0.003004,               0.003004
                    214,                0.89338,                0.39252,                 1.2983,                0.98174,                0.95803,                0.98323,                0.70332,                 1.1092,                0.36573,                 1.5771,               0.002971,               0.002971,               0.002971
                    215,                0.89332,                0.39351,                 1.2956,                0.98195,                0.95732,                0.98276,                0.70284,                 1.1094,                0.36526,                 1.5771,               0.002938,               0.002938,               0.002938
                    216,                0.88717,                0.39005,                 1.2909,                0.98225,                0.95732,                0.98366,                0.70259,                 1.1094,                0.36563,                 1.5772,               0.002905,               0.002905,               0.002905
                    217,                0.89273,                 0.3928,                  1.297,                0.98277,                0.95732,                0.98371,                0.70295,                 1.1094,                0.36562,                 1.5766,               0.002872,               0.002872,               0.002872
                    218,                0.88633,                 0.3912,                 1.2998,                0.98133,                0.95732,                0.98371,                0.70286,                 1.1094,                0.36596,                 1.5763,               0.002839,               0.002839,               0.002839
                    219,                0.88991,                0.39384,                 1.2978,                0.98195,                0.95826,                0.98383,                0.70261,                 1.1093,                0.36546,                 1.5765,               0.002806,               0.002806,               0.002806
                    220,                0.88426,                0.39467,                 1.2934,                 0.9816,                0.95826,                0.98409,                0.70287,                 1.1094,                0.36575,                 1.5768,               0.002773,               0.002773,               0.002773
                    221,                0.87892,                0.38937,                 1.2855,                0.98233,                0.95826,                0.98393,                0.70341,                 1.1092,                0.36579,                 1.5767,                0.00274,                0.00274,                0.00274
                    222,                0.87886,                0.39214,                 1.2863,                0.98266,                0.95779,                 0.9839,                0.70369,                 1.1095,                0.36647,                 1.5767,               0.002707,               0.002707,               0.002707
                    223,                0.88425,                0.38855,                 1.2941,                0.98152,                0.95826,                 0.9839,                0.70388,                 1.1095,                0.36627,                 1.5769,               0.002674,               0.002674,               0.002674
                    224,                0.87908,                0.39078,                 1.2907,                0.98072,                0.95826,                0.98394,                0.70426,                 1.1097,                0.36634,                 1.5769,               0.002641,               0.002641,               0.002641
                    225,                0.87627,                0.39059,                 1.2861,                0.98159,                0.95779,                0.98389,                0.70256,                 1.1099,                0.36609,                 1.5768,               0.002608,               0.002608,               0.002608
                    226,                0.87743,                0.38805,                 1.2811,                0.98145,                0.95779,                0.98394,                0.70258,                 1.1102,                 0.3661,                 1.5766,               0.002575,               0.002575,               0.002575
                    227,                0.87721,                0.38738,                 1.2875,                0.98143,                0.95779,                0.98403,                 0.7027,                 1.1107,                0.36627,                 1.5768,               0.002542,               0.002542,               0.002542
                    228,                0.87704,                0.38708,                  1.287,                0.98164,                0.95779,                0.98398,                0.70323,                 1.1108,                0.36614,                 1.5772,               0.002509,               0.002509,               0.002509
                    229,                  0.874,                0.38593,                 1.2904,                0.98171,                0.95779,                0.98382,                 0.7033,                 1.1113,                0.36619,                 1.5778,               0.002476,               0.002476,               0.002476
                    230,                0.86769,                0.38146,                   1.28,                0.98171,                0.95779,                0.98367,                0.70367,                 1.1115,                0.36595,                 1.5782,               0.002443,               0.002443,               0.002443
                    231,                0.87361,                0.38338,                 1.2787,                0.98268,                0.95822,                0.98373,                0.70447,                 1.1114,                0.36583,                 1.5781,                0.00241,                0.00241,                0.00241
                    232,                0.86967,                0.38495,                 1.2708,                0.98221,                0.95814,                0.98361,                0.70367,                 1.1118,                0.36564,                 1.5784,               0.002377,               0.002377,               0.002377
                    233,                0.86566,                0.37966,                 1.2746,                 0.9822,                0.95732,                0.98331,                0.70392,                 1.1116,                0.36546,                 1.5785,               0.002344,               0.002344,               0.002344
                    234,                0.86226,                0.38263,                 1.2769,                0.98315,                0.95764,                0.98373,                0.70344,                 1.1117,                0.36564,                 1.5787,               0.002311,               0.002311,               0.002311
                    235,                0.86282,                0.38015,                 1.2785,                0.98245,                0.95779,                0.98362,                0.70367,                 1.1122,                0.36602,                 1.5795,               0.002278,               0.002278,               0.002278
                    236,                0.86184,                 0.3805,                 1.2795,                0.98195,                0.95826,                 0.9836,                0.70288,                 1.1119,                0.36564,                 1.5796,               0.002245,               0.002245,               0.002245
                    237,                0.86195,                0.37813,                 1.2781,                0.98174,                0.95843,                0.98364,                0.70298,                 1.1123,                0.36627,                 1.5802,               0.002212,               0.002212,               0.002212
                    238,                0.86007,                0.37883,                 1.2769,                0.98206,                0.95826,                0.98373,                0.70328,                 1.1124,                0.36603,                 1.5809,               0.002179,               0.002179,               0.002179
                    239,                0.86181,                0.37993,                 1.2754,                0.98223,                0.95826,                0.98351,                0.70243,                 1.1127,                0.36693,                 1.5812,               0.002146,               0.002146,               0.002146
                    240,                0.85434,                0.37713,                 1.2718,                0.98269,                0.95853,                0.98345,                0.70272,                  1.113,                0.36714,                 1.5817,               0.002113,               0.002113,               0.002113
                    241,                0.85444,                0.37311,                 1.2674,                0.98047,                0.95919,                0.98351,                0.70148,                 1.1136,                0.36703,                  1.582,                0.00208,                0.00208,                0.00208
                    242,                0.85338,                0.37218,                 1.2712,                0.98075,                0.95872,                0.98348,                0.70128,                 1.1139,                 0.3669,                 1.5825,               0.002047,               0.002047,               0.002047
                    243,                0.85469,                0.37463,                 1.2682,                0.97988,                0.95962,                0.98391,                0.70044,                 1.1142,                0.36641,                  1.583,               0.002014,               0.002014,               0.002014
                    244,                0.85312,                0.37512,                 1.2639,                0.98361,                0.95724,                0.98403,                0.70044,                 1.1149,                 0.3668,                 1.5834,               0.001981,               0.001981,               0.001981
                    245,                0.84995,                0.37447,                 1.2649,                0.98361,                0.95717,                0.98261,                0.70029,                 1.1151,                0.36704,                 1.5838,               0.001948,               0.001948,               0.001948
                    246,                0.84839,                0.37139,                 1.2573,                0.98253,                0.95779,                0.98243,                0.69966,                 1.1154,                0.36691,                 1.5841,               0.001915,               0.001915,               0.001915
                    247,                0.84484,                0.37268,                 1.2585,                0.98082,                0.95961,                0.98253,                0.70002,                 1.1156,                0.36688,                 1.5845,               0.001882,               0.001882,               0.001882
                    248,                0.84693,                0.37077,                 1.2618,                0.98024,                0.96107,                0.98373,                0.70051,                  1.116,                 0.3674,                 1.5851,               0.001849,               0.001849,               0.001849
                    249,                0.84201,                 0.3697,                 1.2507,                0.98066,                0.95872,                0.98254,                0.70059,                 1.1164,                0.36777,                 1.5852,               0.001816,               0.001816,               0.001816
                    250,                0.84287,                0.37021,                 1.2586,                0.98078,                0.95756,                0.98221,                0.70055,                 1.1166,                0.36834,                 1.5853,               0.001783,               0.001783,               0.001783
                    251,                0.83715,                 0.3696,                 1.2563,                0.97805,                0.96151,                0.98241,                0.70038,                 1.1173,                0.36837,                 1.5863,                0.00175,                0.00175,                0.00175
                    252,                0.83711,                0.36846,                  1.254,                0.98313,                0.95646,                0.98238,                0.70066,                 1.1177,                0.36886,                 1.5866,               0.001717,               0.001717,               0.001717
